"";"yi";"vi";"study";"Paper_No";"Es_No";"Publication_Year";"Author";"Title";"DOI";"Pages";"Issue";"Volume";"Journal";"Topic";"Design";"Sample";"N_low";"N_high";"Mean_Age";"SD_Age";"Percent_Females";"Country";"Time of day of measurement";"Type_of_stressor";"Task";"Type of cortisol measurement";"Amount of cortisol measurement timepoints";"Timepoint of first cortisol sample";"Timepoint Stress Onset Cortisol";"Timepoint Peak Cortisol";"Timepoint of last cortisol sample";"Assessed sex hormone";"Type of sex hormone measurement";"Assessed metabolic hormone";"Type of metabolic hormone measurement";"Cycle phase/ Hormonal status";"Stress baseline mean_cortisol_low_hormone";"Stress onset SD_cortisol_low_hormone";"Peak mean_cortisol_low_hormone";"Peak SD_cortisol_low_hormone";"Stress onset mean_cortisol_high_hormone";"Stress onset SD_cortisol_high_hormone";"Peak SD_cortisol_high_hormone";"Peak mean_cortisol_high_hormone";"AUC Cortisol_low_hormone";"AUC_SD Cortisol_low_hormone";"AUC Cortisol_high_hormone";"AUC_SD Cortisol_high_hormone";"AUC Cortisol Comment";"Einheit Cortisol";"Time between baseline and peak cortisol";"correlation_cortisol";"correlation_cortisol_p-value";"Progesterone mean_low";"Progesterone sd_low";"Progesterone mean_high";"Progesterone sd_high";"Einheit Progesterone";"Progesterone";"Estradiol mean_low";"Estradiol sd_low";"Estradiol mean_high";"Estradiol sd_high";"Einheit Estradiol";"Estradiol";"Insulin mean_low";"Insulin sd_low";"Insulin mean_high";"Insulin sd_high";"Einheit Insulin";"Insulin";"Glucose mean_low";"Glucose sd_low";"Glucose mean_high";"Glucose sd_high";"Einheit Glucose";"Sex diff";"Glucose";"Exclusion";"...77";"cort_change_low";"cort_change_high";"cort_change_sd_low";"cort_change_sd_high"
"1";-0,441834071445612;0,157600333590196;"Antov, 2014";"2";"1";2014;"Antov, MI Stockhorst, U";"Stress exposure prior to fear acquisition interacts with estradiol status to alter recall of fear extinction in humans";"10.1016/j.psyneuen.2014.06.022";"106-118";NA;"49";"Psychoneuroendocrinology";"2";1;6;13;13;23,9;1,3;100;7;"45717";"1";"5";"2";6;"-6";"8";"25";"85";3;"1";0;NA;"1";10,68;4,16;14,12;10,92;8,66;3,38;15,25;6,24;NA;NA;NA;NA;NA;"nmol/L";17;NA;NA;2,9;0,9;5,3;8;"nmol/L";1;139,16;125,4;651,18;NA;"pmol/L";1;NA;NA;NA;NA;NA;0;NA;NA;NA;NA;NA;0;0;0;NA;3,44;-2,42;10,92;15,25
"3";-0,85;0,08;"Barel, 2018";"3";"1";2018;"Barel, E Abu-Shkara, R Colodner, R Masalha, R Mahagna, L Zemel, OC Cohen, A";"Gonadal hormones modulate the HPA-axis and the SNS in response to psychosocial stress";"10.1002/JNR.24259";"1388-1397";"8";"96";"JOURNAL OF NEUROSCIENCE RESEARCH";"2";1;1;58;58;24,81;2,47;63,79;15;"1";"1";"1";"2";4;"-20";NA;"30";"40";1;"2";0;NA;"0; 5; 7";NA;NA;NA;NA;NA;NA;NA;NA;NA;NA;NA;NA;NA;NA;50;-0,39;NA;NA;NA;NA;NA;NA;1;NA;NA;NA;NA;NA;0;NA;NA;NA;NA;NA;0;NA;NA;NA;NA;NA;0;0;0;NA;NA;NA;NA;NA
"4";-0,7;0,08;"Barel, 2018";"3";"2";2018;"Barel, E Abu-Shkara, R Colodner, R Masalha, R Mahagna, L Zemel, OC Cohen, A";"Gonadal hormones modulate the HPA-axis and the SNS in response to psychosocial stress";"10.1002/JNR.24259";"1388-1397";"8";"96";"JOURNAL OF NEUROSCIENCE RESEARCH";"2";1;1;58;58;24,81;2,47;63,79;15;"1";"1";"1";"2";4;"-20";NA;"30";"40";1;"2";0;NA;"0; 5; 7";NA;NA;NA;NA;NA;NA;NA;NA;NA;NA;NA;NA;NA;NA;50;-0,33;NA;NA;NA;NA;NA;NA;0;NA;NA;NA;NA;NA;1;NA;NA;NA;NA;NA;0;NA;NA;NA;NA;NA;0;0;0;NA;NA;NA;NA;NA
"5";0,238912067955803;0,0402853948810746;"Bentele, 2021";"4";"1";2021;"Bentele, UU Meier, M Benz, ABE Denk, BF Dimitroff, SJ Pruessner, JC Unternaehrer, E";"The impact of maternal care and blood glucose availability on the cortisol stress response in fasted women";"10.1007/s00702-021-02350-y https://link.springer.com/article/10.1007/s00702-021-02350-y";NA;NA;NA;"JOURNAL OF NEURAL TRANSMISSION";"1";1;1;50;50;22,31;2,56;100;7;"1";"1";"4";"2";8;"-30";"0";"35";"55";0;NA;2;"4";"8; 5";9,65;4,86;10,56;6,88;10,7;5,57;6,68;13,23;NA;NA;NA;NA;NA;NA;45;-0,09;0,543;NA;NA;NA;NA;NA;0;NA;NA;NA;NA;NA;0;NA;NA;NA;NA;NA;0;90,76;8,86;133,06;19,94;"mg/dl";0;1;0;NA;0,91;2,53;6,88;6,68
"6";0,362614717678835;0,0406574471673865;"Bentele, 2021";"4";"2";2021;"Bentele, UU Meier, M Benz, ABE Denk, BF Dimitroff, SJ Pruessner, JC Unternaehrer, E";"The impact of maternal care and blood glucose availability on the cortisol stress response in fasted women";"10.1007/s00702-021-02350-y https://link.springer.com/article/10.1007/s00702-021-02350-y";NA;NA;NA;"JOURNAL OF NEURAL TRANSMISSION";"1";1;1;50;50;22,31;2,56;100;7;"1";"1";"4";"2";8;"-30";"0";"35";"55";0;NA;2;"4";"8; 5";NA;NA;NA;NA;NA;NA;NA;NA;2,22;26,9;13,216168;33,4;"AUCi from sample 4 to 8";"nmol/L";45;-0,17;0,254;NA;NA;NA;NA;NA;0;NA;NA;NA;NA;NA;0;NA;NA;NA;NA;NA;0;90,76;8,86;133,06;19,94;NA;0;1;0;NA;2,22;13,216168;26,9;33,4
"7";-0,860180010938361;0,18208145106704;"Bohringer, 2008";"5";"1";2008;"Bohringer, A Schwabe, L Richter, S Schachinger, H";"Intranasal insulin attenuates the hypothalamic-pituitary-adrenal axis response to psychosocial stress";"10.1016/j.psyneuen.2008.08.002";"1394-1400";"10";"33";"PSYCHONEUROENDOCRINOLOGY";"1";1;1;12;12;24,2;0,9;0;7;"2";"1";"1";"1";9;"-55";"-3";"25";"90";0;NA;3;"1";"0";48,65;17,04;140,1;36,3;52,51;13,61;30,3;115,2;NA;NA;NA;NA;NA;NA;33;NA;NA;NA;NA;NA;NA;NA;NA;NA;NA;NA;NA;NA;0;31,85;18,67;27,85;15,97;"pmol/l";1;4,89;0,35;4,9;0,28;"nmol/l";0;0;0;NA;91,45;62,69;36,3;30,3
"8";-0,816562786421946;0,180557808003524;"Bohringer, 2008";"5";"2";2008;"Bohringer, A Schwabe, L Richter, S Schachinger, H";"Intranasal insulin attenuates the hypothalamic-pituitary-adrenal axis response to psychosocial stress";"10.1016/j.psyneuen.2008.08.002";"1394-1400";"10";"33";"PSYCHONEUROENDOCRINOLOGY";"1";1;1;12;12;24,2;0,9;0;7;"2";"1";"1";"2";9;"-55";"-3";"35";"90";0;NA;3;"1";"0";2,05;1,07;11,65;6,24;2,61;1,84;5,2;7,52;NA;NA;NA;NA;NA;NA;48;NA;NA;NA;NA;NA;NA;NA;NA;NA;NA;NA;NA;NA;0;31,85;18,67;27,85;15,97;"pmol/l";1;4,89;0,35;4,9;0,28;"nmol/l";0;0;0;NA;9,6;4,91;6,24;5,2
"9";-0,866012927138436;0,182291216457727;"Bohringer, 2008";"5";"3";2008;"Bohringer, A Schwabe, L Richter, S Schachinger, H";"Intranasal insulin attenuates the hypothalamic-pituitary-adrenal axis response to psychosocial stress";"10.1016/j.psyneuen.2008.08.002";"1394-1400";"10";"33";"PSYCHONEUROENDOCRINOLOGY";"1";1;1;12;12;25,3;1,1;0;7;"2";"1";"1";"1";9;"-55";"-3";"25";"90";0;NA;3;"1";"0";NA;NA;NA;NA;NA;NA;NA;NA;5821,63;3696,47;2973,95;2821,61;"AUCi";"ng/ml";33;NA;NA;NA;NA;NA;NA;NA;NA;NA;NA;NA;NA;NA;0;31,85;18,67;27,85;15,97;"pmol/l";1;4,89;0,35;4,9;0,28;"nmol/l";0;0;0;NA;5821,63;2973,95;3696,47;2821,61
"10";-0,822632376634878;0,180765083897666;"Bohringer, 2008";"5";"4";2008;"Bohringer, A Schwabe, L Richter, S Schachinger, H";"Intranasal insulin attenuates the hypothalamic-pituitary-adrenal axis response to psychosocial stress";"10.1016/j.psyneuen.2008.08.002";"1394-1400";"10";"33";"PSYCHONEUROENDOCRINOLOGY";"1";1;1;12;12;25,3;1,1;0;7;"2";"1";"1";"2";9;"-55";"-3";"35";"90";0;NA;3;"1";"0";NA;NA;NA;NA;NA;NA;NA;NA;445,65;451,86;139,14;271,07;"AUCi";"nmol/L";48;NA;NA;NA;NA;NA;NA;NA;NA;NA;NA;NA;NA;NA;0;31,85;18,67;27,85;15,97;"pmol/l";1;4,89;0,35;4,9;0,28;"nmol/l";0;0;0;NA;445,65;139,14;451,86;271,07
"11";0,576974646529613;0,231469437298277;"Boisseau, 2013";"6";"1";2013;"Boisseau, N., Enea, C., Diaz, V., Dugué, B., Corcuff, J. & Duclos, M.";"Oral contraception but not menstrual cycle phase is associated with increased free cortisol levels and low hypothalamo-pituitary-adrenal axis reactivity";"doi.org/10.3275/8971";"955–964";NA;"36";"JOURNAL OF ENDOCRINOLOGICAL INVESTIGATION";"2";1;1;9;7;23,7;2,8;100;17;"1";"2";"7";"2";4;"0";"0";"60";"90";3;"1";0;NA;"1";19,1;6,02;20,44;4,01;16,5;4,6;22,34;27,1;NA;NA;NA;NA;"AUC";"nmol/L";60;NA;NA;0,5;0,1;0,4;0,26;"ng*ml^-1";0;NA;NA;74,6;19,31;"pg*ml^-1";1;NA;NA;NA;NA;NA;0;NA;NA;NA;NA;NA;0;0;0;NA;1,34;10,6;4,01;22,34
"12";1,33896315783204;0,272022842723098;"Boisseau, 2013";"6";"2";2013;"Boisseau, N., Enea, C., Diaz, V., Dugué, B., Corcuff, J. & Duclos, M.";"Oral contraception but not menstrual cycle phase is associated with increased free cortisol levels and low hypothalamo-pituitary-adrenal axis reactivity";"doi.org/10.3275/8971";"955–964";NA;"36";"JOURNAL OF ENDOCRINOLOGICAL INVESTIGATION";"2";1;1;9;7;23,7;2,8;100;17;"1";"2";"7";"2";4;"0";"0";"60";"90";3;"1";0;NA;"7";19,1;6,02;20,44;4,01;11,1;3,67;18;29,9;NA;NA;NA;NA;"AUC";"nmol/L";60;NA;NA;0,5;0,1;18,8;3,6;"ng*ml^-1";1;NA;NA;279,6;23,1;"pg*ml^-1";1;NA;NA;NA;NA;NA;0;NA;NA;NA;NA;NA;0;0;0;NA;1,34;18,8;4,01;18
"13";0,563369112021464;0,297049455584995;"Boisseau, 2013";"6";"3";2013;"Boisseau, N., Enea, C., Diaz, V., Dugué, B., Corcuff, J. & Duclos, M.";"Oral contraception but not menstrual cycle phase is associated with increased free cortisol levels and low hypothalamo-pituitary-adrenal axis reactivity";"doi.org/10.3275/8971";"955–964";NA;"36";"JOURNAL OF ENDOCRINOLOGICAL INVESTIGATION";"2";2;1;7;7;21,9;1,6;100;17;"1";"2";"7";"2";4;"0";"0";"60";"90";3;"1";0;NA;"5";16,5;4,6;22,34;27,1;11,1;3,67;18;29,9;NA;NA;NA;NA;"AUC";"nmol/L";60;NA;NA;0,4;0,26;18,8;3,6;"ng*ml^-1";1;74,6;19,31;279,6;23,1;"pg*ml^-1";1;NA;NA;NA;NA;NA;0;NA;NA;NA;NA;NA;0;0;0;NA;5,84;18,8;27,1;18
"14";0,544060182120755;0,296285767206045;"Boisseau, 2013";"6";"4";2013;"Boisseau, N., Enea, C., Diaz, V., Dugué, B., Corcuff, J. & Duclos, M.";"Oral contraception but not menstrual cycle phase is associated with increased free cortisol levels and low hypothalamo-pituitary-adrenal axis reactivity";"doi.org/10.3275/8971";"955–964";NA;"36";"JOURNAL OF ENDOCRINOLOGICAL INVESTIGATION";"2";1;1;7;7;23,7;2,8;100;17;"1";"2";"7";"2";4;"0";"0";"60";"90";3;"1";0;NA;"1";22,35;7,08;23,9;7,37;16,5;4,6;22,34;27,1;NA;NA;NA;NA;"AUC";"nmol/L";60;NA;NA;0,5;0,1;0,4;0,26;"ng*ml^-1";0;NA;NA;74,6;19,31;"pg*ml^-1";1;NA;NA;NA;NA;NA;0;NA;NA;NA;NA;NA;0;0;0;NA;1,55;10,6;7,37;22,34
"15";1,25422723216359;0,341895926782169;"Boisseau, 2013";"6";"5";2013;"Boisseau, N., Enea, C., Diaz, V., Dugué, B., Corcuff, J. & Duclos, M.";"Oral contraception but not menstrual cycle phase is associated with increased free cortisol levels and low hypothalamo-pituitary-adrenal axis reactivity";"doi.org/10.3275/8971";"955–964";NA;"36";"JOURNAL OF ENDOCRINOLOGICAL INVESTIGATION";"2";1;1;7;7;23,7;2,8;100;17;"1";"2";"7";"2";4;"0";"0";"60";"90";3;"1";0;NA;"7";22,35;7,08;23,9;7,37;11,1;3,67;18;29,9;NA;NA;NA;NA;"AUC";"nmol/L";60;NA;NA;0,5;0,1;18,8;3,6;"ng*ml^-1";1;NA;NA;279,6;23,1;"pg*ml^-1";1;NA;NA;NA;NA;NA;0;NA;NA;NA;NA;NA;0;0;0;NA;1,55;18,8;7,37;18
"18";-1,09087859305001;0,0820537152212033;"Childs, 2010";"10";"1";2010;"Childs, E Dlugos, A De Wit, H";"Cardiovascular, hormonal, and emotional responses to the TSST in relation to sex and menstrual cycle phase";"10.1111/j.1469-8986.2009.00961.x";"550–559";"3";"47";"PSYCHOPHYSIOLOGY";"2";1;1;28;23;21,8;3,7;0;1;"1";"1";"1";"1";9;"-10";"-10";"10";"60";1;"1";0;NA;"0";12,91;5,34;17,07;4,02;11,96;4,56;13,1;5,55;NA;NA;NA;NA;NA;"ug/dl";NA;NA;NA;0,43;0,14;5,45;4,27;"ng/ml";1;NA;NA;NA;NA;NA;NA;NA;NA;NA;NA;NA;0;NA;NA;NA;NA;NA;1;0;0;NA;4,16;-6,41;4,02;13,1
"19";-1,0892898631974;0,0820227893398625;"Childs, 2010";"10";"2";2010;"Childs, E Dlugos, A De Wit, H";"Cardiovascular, hormonal, and emotional responses to the TSST in relation to sex and menstrual cycle phase";"10.1111/j.1469-8986.2009.00961.x";"550–559";"3";"47";"PSYCHOPHYSIOLOGY";"2";1;1;28;23;21,8;3,7;0;1;"1";"1";"1";"2";9;"-10";"-10";"10";"60";1;"1";0;NA;"0";0,48;0,42;1,04;1,02;0,57;0,23;0,57;0,23;NA;NA;NA;NA;NA;"ug/dl";NA;NA;NA;0,43;0,14;5,45;4,27;"ng/ml";1;NA;NA;NA;NA;NA;NA;NA;NA;NA;NA;NA;0;NA;NA;NA;NA;NA;1;0;0;NA;0,56;-0,34;1,02;0,57
"20";-0,626582777439165;0,0723500515257188;"Childs, 2010";"10";"3";2010;"Childs, E Dlugos, A De Wit, H";"Cardiovascular, hormonal, and emotional responses to the TSST in relation to sex and menstrual cycle phase";"10.1111/j.1469-8986.2009.00961.x";"550–559";"3";"47";"PSYCHOPHYSIOLOGY";"2";1;1;29;23;22,1;4,31;100;1;"1";"1";"1";"1";9;"-10";"-10";"5";"60";1;"1";0;NA;"2";13,23;6,14;13,23;6,14;11,96;4,56;13,1;5,55;NA;NA;NA;NA;NA;"ug/dl";NA;NA;NA;0,46;0,28;5,45;4,27;"ng/ml";1;NA;NA;NA;NA;NA;NA;NA;NA;NA;NA;NA;0;NA;NA;NA;NA;NA;0;0;0;NA;0;-6,41;6,14;13,1
"21";-0,667758668490543;0,0728094968908988;"Childs, 2010";"10";"4";2010;"Childs, E Dlugos, A De Wit, H";"Cardiovascular, hormonal, and emotional responses to the TSST in relation to sex and menstrual cycle phase";"10.1111/j.1469-8986.2009.00961.x";"550–559";"3";"47";"PSYCHOPHYSIOLOGY";"2";1;1;29;23;22,1;4,31;100;1;"1";"1";"1";"2";9;"-10";"-10";"0";"60";1;"1";0;NA;"2";0,55;0,44;0,55;0,44;0,57;0,23;0,57;0,23;NA;NA;NA;NA;NA;"ug/dl";NA;NA;NA;0,46;0,28;5,45;4,27;"ng/ml";1;NA;NA;NA;NA;NA;NA;NA;NA;NA;NA;NA;0;NA;NA;NA;NA;NA;0;0;0;NA;0;-0,34;0,44;0,57
"22";0,38;0,23;"Gaffey, 2014";"18";"1";2014;"Gaffey, Allison E. Wirth, Michelle M.";"Stress, rejection, and hormones: Cortisol and progesterone reactivity to laboratory speech and rejection tasks in women and men";"10.12688/f1000research.5142.2 https://www.ncbi.nlm.nih.gov/pmc/articles/PMC4288428/";NA;NA;NA;"F1000Research";"2";1;1;20;20;NA;NA;100;NA;"2";"1";"1";"2";6;"-60";"0";"30";"80";1;"2";0;NA;"8; 2 Personen OC";NA;NA;NA;NA;NA;NA;NA;NA;NA;NA;NA;NA;NA;NA;NA;0,189;0,424;NA;NA;NA;NA;"pg/ml";1;NA;NA;NA;NA;NA;NA;NA;NA;NA;NA;NA;0;NA;NA;NA;NA;NA;0;0;0;NA;NA;NA;NA;NA
"23";0,97;0,27;"Gaffey, 2014";"18";"2";2014;"Gaffey, Allison E. Wirth, Michelle M.";"Stress, rejection, and hormones: Cortisol and progesterone reactivity to laboratory speech and rejection tasks in women and men";"10.12688/f1000research.5142.2 https://www.ncbi.nlm.nih.gov/pmc/articles/PMC4288428/";NA;NA;NA;"F1000Research";"2";1;1;20;20;NA;NA;100;NA;"2";"1";"1";"2";6;"-60";"0";"30";"80";1;"2";0;NA;"8; 2 Personen OC";NA;NA;NA;NA;NA;NA;NA;NA;NA;NA;NA;NA;NA;NA;NA;0,437;0,0537;NA;NA;NA;NA;"pg/ml";1;NA;NA;NA;NA;NA;NA;NA;NA;NA;NA;NA;0;NA;NA;NA;NA;NA;0;0;0;NA;NA;NA;NA;NA
"24";-0,8;0,29;"Gaffey, 2014";"18";"3";2014;"Gaffey, Allison E. Wirth, Michelle M.";"Stress, rejection, and hormones: Cortisol and progesterone reactivity to laboratory speech and rejection tasks in women and men";"10.12688/f1000research.5142.2 https://www.ncbi.nlm.nih.gov/pmc/articles/PMC4288428/";NA;NA;NA;"F1000Research";"2";1;1;18;18;NA;NA;0;NA;"2";"1";"1";"2";6;"-60";"0";"30";"80";1;"2";0;NA;"0";NA;NA;NA;NA;NA;NA;NA;NA;NA;NA;NA;NA;NA;NA;NA;-0,372;0,129;NA;NA;NA;NA;"pg/ml";1;NA;NA;NA;NA;NA;NA;NA;NA;NA;NA;NA;0;NA;NA;NA;NA;NA;0;0;0;NA;NA;NA;NA;NA
"25";-0,57;0,27;"Gaffey, 2014";"18";"4";2014;"Gaffey, Allison E. Wirth, Michelle M.";"Stress, rejection, and hormones: Cortisol and progesterone reactivity to laboratory speech and rejection tasks in women and men";"10.12688/f1000research.5142.2 https://www.ncbi.nlm.nih.gov/pmc/articles/PMC4288428/";NA;NA;NA;"F1000Research";"2";1;1;18;18;NA;NA;0;NA;"2";"1";"1";"2";6;"-60";"0";"30";"80";1;"2";0;NA;"0";NA;NA;NA;NA;NA;NA;NA;NA;NA;NA;NA;NA;NA;NA;NA;-0,273;0,272;NA;NA;NA;NA;"pg/ml";1;NA;NA;NA;NA;NA;NA;NA;NA;NA;NA;NA;0;NA;NA;NA;NA;NA;0;0;0;NA;NA;NA;NA;NA
"26";0;0,11;"Gaffey, 2014";"18";"5";2014;"Gaffey, Allison E. Wirth, Michelle M.";"Stress, rejection, and hormones: Cortisol and progesterone reactivity to laboratory speech and rejection tasks in women and men";"10.12688/f1000research.5142.2 https://www.ncbi.nlm.nih.gov/pmc/articles/PMC4288428/";NA;NA;NA;"F1000Research";"2";1;1;38;38;NA;NA;52,63;NA;"2";"1";"1";"2";6;"-60";"0";"30";"80";1;"2";0;NA;"0; 8; 2 Personen OC";NA;NA;NA;NA;NA;NA;NA;NA;NA;NA;NA;NA;NA;NA;NA;-0,00152;0,993;NA;NA;NA;NA;"pg/ml";1;NA;NA;NA;NA;NA;NA;NA;NA;NA;NA;NA;0;NA;NA;NA;NA;NA;0;0;0;NA;NA;NA;NA;NA
"27";0,37;0,12;"Gaffey, 2014";"18";"6";2014;"Gaffey, Allison E. Wirth, Michelle M.";"Stress, rejection, and hormones: Cortisol and progesterone reactivity to laboratory speech and rejection tasks in women and men";"10.12688/f1000research.5142.2 https://www.ncbi.nlm.nih.gov/pmc/articles/PMC4288428/";NA;NA;NA;"F1000Research";"2";1;1;38;38;NA;NA;52,63;NA;"2";"1";"1";"2";6;"-60";"0";"30";"80";1;"2";0;NA;"0; 8; 2 Personen OC";NA;NA;NA;NA;NA;NA;NA;NA;NA;NA;NA;NA;NA;NA;NA;0,184;0,269;NA;NA;NA;NA;"pg/ml";1;NA;NA;NA;NA;NA;NA;NA;NA;NA;NA;NA;0;NA;NA;NA;NA;NA;0;0;0;NA;NA;NA;NA;NA
"28";-0,0816156586500773;0,0351169347181442;"Gordon, 2014";"22";"1";2014;"Gordon, JL Girdler, SS";"Mechanisms underlying hemodynamic and neuroendocrine stress reactivity at different phases of the menstrual cycle";"10.1111/psyp.12177";"309-318";NA;NA;"Psychophysiology";"3";2;1;57;57;27,5;0,8;100;1;"1";"1";"1";"1";2;"-15";NA;NA;"35";3;"1";0;NA;"1";6,8;2,3;7;2,4;6,9;2,3;2,5;6,9;NA;NA;NA;NA;NA;"pg/ml";45;NA;NA;0,2;0,1;0,2;0,2;"ng/ml";0;23,3;6,4;44,6;22,6;"ng/ml";1;NA;NA;NA;NA;NA;0;NA;NA;NA;NA;NA;0;0;0;NA;0,2;0;2,4;2,5
"29";0,0424667694835584;0,035095629063642;"Gordon, 2014";"22";"2";2014;"Gordon, JL Girdler, SS";"Mechanisms underlying hemodynamic and neuroendocrine stress reactivity at different phases of the menstrual cycle";"10.1111/psyp.12177";"309-318";NA;NA;"Psychophysiology";"3";2;1;57;57;27,5;0,8;100;1;"1";"1";"1";"1";2;"-15";NA;NA;"35";3;"1";0;NA;"2";6,9;2,3;6,9;2,5;6,2;2,5;2,2;6,3;NA;NA;NA;NA;NA;"pg/ml";45;NA;NA;0,2;0,2;13,7;7,8;"ng/ml";1;44,6;22,6;54,5;22,4;"ng/ml";0;NA;NA;NA;NA;NA;0;NA;NA;NA;NA;NA;0;0;0;NA;0;0,0999999999999996;2,5;2,2
"30";-0,0434372242763072;0,0350959947037405;"Gordon, 2014";"22";"3";2014;"Gordon, JL Girdler, SS";"Mechanisms underlying hemodynamic and neuroendocrine stress reactivity at different phases of the menstrual cycle";"10.1111/psyp.12177";"309-3018";NA;NA;"Psychophysiology";"3";2;1;57;57;27,5;0,8;100;1;"1";"1";"1";"1";2;"-15";NA;NA;"35";3;"1";0;NA;"4";6,8;2,3;7;2,4;6,2;2,5;2,2;6,3;NA;NA;NA;NA;NA;"pg/ml";45;NA;NA;0,2;0,1;13,7;7,8;"ng/ml";1;23,3;6,4;54,5;22,4;"ng/ml";1;NA;NA;NA;NA;NA;0;NA;NA;NA;NA;NA;0;0;0;NA;0,2;0,0999999999999996;2,4;2,2
"31";1,28659476117103;0,185679347682168;"Kirschbaum, 1997";"34";"1";1997;"Kirschbaum, C Bono, EG Rohleder, N Gessner, C Pirke, KM Salvador, A Hellhammer, DH";"Effects of fasting and glucose load on free cortisol responses to stress and nicotine";"10.1210/jc.82.4.1101 https://academic.oup.com/jcem/article/82/4/1101/2866203?login=false";"1101-5";"4";"82";"JOURNAL OF CLINICAL ENDOCRINOLOGY & METABOLISM";"1";1;6;13;13;24,3;3,4;0;7;"3";"1";"1";"2";10;"-65";"-5";NA;"70";0;NA;2;"4";"0";7,78;4,68;10,58;6,49;9,35;NA;6,49;20,5;NA;NA;NA;NA;NA;"nmol/L";90;NA;NA;NA;NA;NA;NA;NA;NA;NA;NA;NA;NA;NA;NA;NA;NA;NA;NA;NA;NA;72,05;13,3;158,63;37,61;"mg/dL";0;1;0;NA;2,8;11,15;6,49;6,49
"32";5,06;2,69;"Kirschbaum, 1997";"34";"2";1997;"Kirschbaum, C Bono, EG Rohleder, N Gessner, C Pirke, KM Salvador, A Hellhammer, DH";"Effects of fasting and glucose load on free cortisol responses to stress and nicotine";"10.1210/jc.82.4.1101 https://academic.oup.com/jcem/article/82/4/1101/2866203?login=false";"1101-5";"4";"82";"JOURNAL OF CLINICAL ENDOCRINOLOGY & METABOLISM";"1";1;6;13;13;24,3;3,4;0;7;"3";"1";"1";"2";10;"-65";"-5";NA;"70";0;NA;2;"1";"0";NA;NA;NA;NA;NA;NA;NA;NA;NA;NA;NA;NA;NA;"nmol/L";90;0,93;NA;NA;NA;NA;NA;NA;NA;NA;NA;NA;NA;NA;NA;NA;NA;NA;NA;NA;NA;72,05;13,3;158,63;37,61;"mg/dl";0;1;0;NA;NA;NA;NA;NA
"33";-0,401629741086463;0,102016330611565;"Maki, 2015";"39";"1";2015;"Maki, PM Mordecai, KL Rubin, LH Sundermann, E Savarese, A Eatough, E Drogos, L";"Menstrual cycle effects on cortisol responsivity and emotional retrieval following a psychosocial stressor";"10.1016/j.yhbeh.2015.06.023 https://www.sciencedirect.com/science/article/pii/S0018506X15300027";"201-208";NA;"74";"HORMONES AND BEHAVIOR";"2";1;1;20;20;25,6;5,39;100;1;"2";"1";"1";"2";6;"-55?";"0?";"35";"35";3;"1";NA;NA;"1";0,58;0,27;0,9;0,49;0,38;0,36;0,6;0,48;NA;NA;NA;NA;NA;"ng/dl";100;NA;NA;1,02;0,42;14,33;6,08;"ng/mL";1;37,75;18,35;132,7;30,94;"pg/mL";1;NA;NA;NA;NA;NA;0;NA;NA;NA;NA;NA;0;0;0;NA;0,32;0,1;0,49;0,6
"34";-0,11071399615236;0,0435448782007827;"Meier, 2021";"41";"1";2021;"Meier, M Bentele, UU Benz, ABE Denk, B Dimitroff, S Pruessner, JC Unternaehrer, E";"Effects of psychological, sensory, and metabolic energy prime manipulation on the acute endocrine stress response in fasted women";"10.1016/j.psyneuen.2021.105452 https://www.sciencedirect.com/science/article/abs/pii/S0306453021003267";"105452";"134";NA;"PSYCHONEUROENDOCRINOLOGY";"1";1;1;46;52;21,53;2,61;100;7;"1";"1";"4";"2";8;"-20";"0";"45";"55";0;NA;2;"4";"8; 5";9,94;7,27;15,39;13,18;11,4;6,23;11,12;15,5;NA;NA;NA;NA;NA;"nmol/L";45;NA;NA;NA;NA;NA;NA;NA;NA;NA;NA;NA;NA;NA;NA;NA;NA;NA;NA;NA;NA;90,48;8,16;125,31;15,45;NA;0;1;0;"0";5,45;4,1;13,18;11,12
"35";0,0742713927224929;0,0435082404335703;"Meier, 2021";"41";"2";2021;"Meier, M Bentele, UU Benz, ABE Denk, B Dimitroff, S Pruessner, JC Unternaehrer, E";"Effects of psychological, sensory, and metabolic energy prime manipulation on the acute endocrine stress response in fasted women";"10.1016/j.psyneuen.2021.105452 https://www.sciencedirect.com/science/article/abs/pii/S0306453021003267";"105452";"134";NA;"PSYCHONEUROENDOCRINOLOGY";"1";1;1;46;52;21,53;2,61;100;7;"1";"1";"4";"2";8;"-20";"0";"45";"55";0;NA;2;"4";"8; 5";9,94;NA;NA;NA;NA;NA;NA;NA;49,07;122,97;60,08;169,79;NA;"nmol/L";45;NA;NA;NA;NA;NA;NA;NA;NA;NA;NA;NA;NA;NA;NA;NA;NA;NA;NA;NA;NA;90,48;8,16;125,31;15,45;NA;0;1;0;"0";49,07;60,08;122,97;169,79
"36";-0,0559968082728899;0,111154661701899;"Pico-Alfonso, 2007";"44";"1";2007;"Pico-Alfonso, MA Mastorci, F Ceresini, G Ceda, GP Manghi, M Pino, O Troisi, A Sgoifo, A";"Acute psychosocial challenge and cardiac autonomic response in women: The role of estrogens, corticosteroids, and behavioral coping styles";"10.1016/j.psyneuen.2007.02.009 https://www.sciencedirect.com/science/article/pii/S0306453007000522";"451-63";"5";"32";"PSYCHONEUROENDOCRINOLOGY";"2";1;1;18;18;23,4;2,4;100;12;"1";"1";"16";"1";2;"0";"0";"20";"20";2;"1";0;NA;"1";11,71;5,35;15,51;6,11;11,27;4,45;3,56;14,79;NA;NA;NA;NA;NA;"µg/dl";20;NA;NA;NA;NA;NA;NA;NA;0;102,7;10,8;416,5;62;"pM/l";1;NA;NA;NA;NA;NA;NA;NA;NA;NA;NA;NA;0;0;0;NA;3,8;3,52;6,11;3,56
"37";-0,45;0,12;"Pletzer, 2021";"45";"1";2021;"Pletzer, B Poppelaars, ES Klackl, J Jonas, E";"The gonadal response to social stress and its relationship to cortisol";"10.1080/10253890.2021.1891220 https://www.tandfonline.com/doi/full/10.1080/10253890.2021.1891220";"866-875";"6";"24";"STRESS-THE INTERNATIONAL JOURNAL ON THE BIOLOGY OF STRESS";"2";1;1;37;37;22,8;2,6;0;22;"2";"1";"5";"2";7;"-35";"-35";"4th cortisol sample";"35";3;"2";0;NA;"0";NA;NA;NA;NA;NA;NA;NA;NA;NA;NA;NA;NA;"from dataset https://pmc.ncbi.nlm.nih.gov/articles/PMC6820083/";"ng/ml";NA;-0,22;NA;NA;NA;NA;NA;NA;0;4,18;0,85;4,18;0,85;"pg/ml";1;NA;NA;NA;NA;NA;NA;NA;NA;NA;NA;NA;0;0;0;NA;NA;NA;NA;NA
"38";-0,45;0,12;"Pletzer, 2021";"45";"1";2021;"Pletzer, B Poppelaars, ES Klackl, J Jonas, E";"The gonadal response to social stress and its relationship to cortisol";"10.1080/10253890.2021.1891220 https://www.tandfonline.com/doi/full/10.1080/10253890.2021.1891220";"866-875";"6";"24";"STRESS-THE INTERNATIONAL JOURNAL ON THE BIOLOGY OF STRESS";"2";1;1;37;37;22,8;2,6;0;22;"2";"1";"5";"2";7;"-35";"-35";"4th cortisol sample";"35";3;"2";0;NA;"0";NA;NA;NA;NA;NA;NA;NA;NA;NA;NA;NA;NA;"from dataset https://pmc.ncbi.nlm.nih.gov/articles/PMC6820083/";"ng/ml";NA;-0,22;NA;NA;NA;NA;NA;NA;0;4,18;0,85;4,18;0,85;"pg/ml";1;NA;NA;NA;NA;NA;NA;NA;NA;NA;NA;NA;0;0;0;NA;NA;NA;NA;NA
"39";0,22;0,14;"Pletzer, 2021";"45";"2";2021;"Pletzer, B Poppelaars, ES Klackl, J Jonas, E";"The gonadal response to social stress and its relationship to cortisol";"10.1080/10253890.2021.1891220 https://www.tandfonline.com/doi/full/10.1080/10253890.2021.1891220";"866-875";"6";"24";"STRESS-THE INTERNATIONAL JOURNAL ON THE BIOLOGY OF STRESS";"2";1;1;30;30;22,9;2,8;100;22;"2";"1";"5";"2";7;"-35";"-35";"3rd cortisol sample";"35";3;"2";0;NA;"4";NA;NA;NA;NA;NA;NA;NA;NA;NA;NA;NA;NA;"from dataset https://pmc.ncbi.nlm.nih.gov/articles/PMC6820083/";"ng/ml";NA;0,11;NA;NA;NA;NA;NA;NA;0;3,98;0,93;3,98;0,93;"pg/ml";1;NA;NA;NA;NA;NA;NA;NA;NA;NA;NA;NA;0;0;0;NA;NA;NA;NA;NA
"40";0,56;0,15;"Pletzer, 2021";"45";"2";2021;"Pletzer, B Poppelaars, ES Klackl, J Jonas, E";"The gonadal response to social stress and its relationship to cortisol";"10.1080/10253890.2021.1891220 https://www.tandfonline.com/doi/full/10.1080/10253890.2021.1891220";"866-875";"6";"24";"STRESS-THE INTERNATIONAL JOURNAL ON THE BIOLOGY OF STRESS";"2";1;1;30;30;22,9;2,8;100;22;"2";"1";"5";"2";7;"-35";"-35";"3rd cortisol sample";"35";3;"2";0;NA;"4";NA;NA;NA;NA;NA;NA;NA;NA;NA;NA;NA;NA;"from dataset https://pmc.ncbi.nlm.nih.gov/articles/PMC6820083/";"ng/ml";NA;0,27;NA;NA;NA;NA;NA;NA;0;3,98;0,93;3,98;0,93;"pg/ml";1;NA;NA;NA;NA;NA;NA;NA;NA;NA;NA;NA;0;0;0;NA;NA;NA;NA;NA
"41";-0,14;0,06;"Pletzer, 2021";"45";"3";2021;"Pletzer, B Poppelaars, ES Klackl, J Jonas, E";"The gonadal response to social stress and its relationship to cortisol";"10.1080/10253890.2021.1891220 https://www.tandfonline.com/doi/full/10.1080/10253890.2021.1891220";"866-875";"6";"24";"STRESS-THE INTERNATIONAL JOURNAL ON THE BIOLOGY OF STRESS";"2";1;1;67;67;22,9;2,8;44,7761194029851;22;"2";"1";"5";"2";7;"-35";"-35";"3rd cortisol sample";"35";3;"2";0;NA;"4";NA;NA;NA;NA;NA;NA;NA;NA;NA;NA;NA;NA;"from dataset https://pmc.ncbi.nlm.nih.gov/articles/PMC6820083/";"ng/ml";NA;-0,07;NA;NA;NA;NA;NA;NA;1;3,98;0,93;3,98;0,93;"pg/ml";0;NA;NA;NA;NA;NA;NA;NA;NA;NA;NA;NA;0;0;0;NA;NA;NA;NA;NA
"42";-0,06;0,06;"Pletzer, 2021";"45";"3";2021;"Pletzer, B Poppelaars, ES Klackl, J Jonas, E";"The gonadal response to social stress and its relationship to cortisol";"10.1080/10253890.2021.1891220 https://www.tandfonline.com/doi/full/10.1080/10253890.2021.1891220";"866-875";"6";"24";"STRESS-THE INTERNATIONAL JOURNAL ON THE BIOLOGY OF STRESS";"2";1;1;67;67;22,9;2,8;44,7761194029851;22;"2";"1";"5";"2";7;"-35";"-35";"3rd cortisol sample";"35";3;"2";0;NA;"4";NA;NA;NA;NA;NA;NA;NA;NA;NA;NA;NA;NA;"from dataset https://pmc.ncbi.nlm.nih.gov/articles/PMC6820083/";"ng/ml";NA;-0,03;NA;NA;NA;NA;NA;NA;1;3,98;0,93;3,98;0,93;"pg/ml";0;NA;NA;NA;NA;NA;NA;NA;NA;NA;NA;NA;0;0;0;NA;NA;NA;NA;NA
"43";-0,275783579885232;0,0917733702606172;"Schoofs, 2011";"47";"1";2011;"Schoofs, D Wolf, OT";"Are salivary gonadal steroid concentrations influenced by acute psychosocial stress? A study using the Trier Social Stress Test (TSST)";"10.1016/j.ijpsycho.2011.01.008 https://www.sciencedirect.com/science/article/pii/S0167876011000092";"36-43";"1";"80";"INTERNATIONAL JOURNAL OF PSYCHOPHYSIOLOGY";"2";1;1;22;22;24,73;3,9;100;7;"1";"1";"1";"2";4;"0";"0";"28";"43";3;"2";0;NA;"4";12,81;6,47;19,22;8,26;10,8;6,22;9,33;14,78;NA;NA;NA;NA;NA;"nmol/l";38;NA;NA;72,63;30,84;192,37;124,91;"pg/ml";1;1,99;1,02;3,48;1,74;"pg/ml";1;NA;NA;NA;NA;NA;NA;NA;NA;NA;NA;NA;1;0;0;NA;6,41;3,98;8,26;9,33
"44";-0,54;0,03;"Stephens, 2016";"50";"1";2016;"Stephens, MAC Mahon, PB McCaul, ME Wand, GS";"Hypothalamic-pituitary-adrenal axis response to acute psychosocial stress: Effects of biological sex and circulating sex hormones";"10.1016/j.psyneuen.2015.12.021 https://www.sciencedirect.com/science/article/pii/S0306453015300470";"47-55";NA;"66";"PSYCHONEUROENDOCRINOLOGY";"2";1;1;142;142;23,6;3,3;100;1;"2";"1";"1";"1";8;"-40  (mean of first three samples used)";"0";"40";"85";3;"1";0;NA;"2";NA;NA;NA;NA;NA;NA;NA;NA;NA;NA;NA;NA;NA;"µg/dl";40;-0,26;0,0027;0,8;0,4;0,8;0,4;"ng/mL";1;NA;NA;NA;NA;NA;0;NA;NA;NA;NA;NA;NA;NA;NA;NA;NA;NA;0;0;0;NA;NA;NA;NA;NA
"45";-0,14;0,03;"Stephens, 2016";"50";"2";2016;"Stephens, MAC Mahon, PB McCaul, ME Wand, GS";"Hypothalamic-pituitary-adrenal axis response to acute psychosocial stress: Effects of biological sex and circulating sex hormones";"10.1016/j.psyneuen.2015.12.021 https://www.sciencedirect.com/science/article/pii/S0306453015300470";"47-55";NA;"66";"PSYCHONEUROENDOCRINOLOGY";"2";1;1;135;135;23,6;3,3;100;1;"2";"1";"1";"1";8;"-40  (mean of first three samples used)";"0";"40";"85";3;"1";0;NA;"2";NA;NA;NA;NA;NA;NA;NA;NA;NA;NA;NA;NA;NA;"µg/dl";40;-0,07;0,4543;NA;NA;NA;NA;NA;0;42;35;42;35;"ng/mL";1;NA;NA;NA;NA;NA;NA;NA;NA;NA;NA;NA;0;0;0;NA;NA;NA;NA;NA
"46";-0,43;0,04;"Stephens, 2016";"50";"3";2016;"Stephens, MAC Mahon, PB McCaul, ME Wand, GS";"Hypothalamic-pituitary-adrenal axis response to acute psychosocial stress: Effects of biological sex and circulating sex hormones";"10.1016/j.psyneuen.2015.12.021 https://www.sciencedirect.com/science/article/pii/S0306453015300470";"47-55";NA;"66";"PSYCHONEUROENDOCRINOLOGY";"2";1;1;112;112;23,6;3,3;100;1;"2";"1";"1";"2";8;"-40  (mean of first three samples used)";"0";"40";"85";3;"1";0;NA;"2";NA;NA;NA;NA;NA;NA;NA;NA;NA;NA;NA;NA;NA;"µg/dl";40;-0,21;0,0304;0,8;0,4;0,8;0,4;"ng/mL";1;NA;NA;NA;NA;NA;0;NA;NA;NA;NA;NA;NA;NA;NA;NA;NA;NA;0;0;0;NA;NA;NA;NA;NA
"47";0,04;0,03;"Stephens, 2016";"50";"4";2016;"Stephens, MAC Mahon, PB McCaul, ME Wand, GS";"Hypothalamic-pituitary-adrenal axis response to acute psychosocial stress: Effects of biological sex and circulating sex hormones";"10.1016/j.psyneuen.2015.12.021 https://www.sciencedirect.com/science/article/pii/S0306453015300470";"47-55";NA;"66";"PSYCHONEUROENDOCRINOLOGY";"2";1;1;135;135;23,6;3,3;100;1;"2";"1";"1";"2";8;"-40  (mean of first three samples used)";"0";"40";"85";3;"1";0;NA;"2";NA;NA;NA;NA;NA;NA;NA;NA;NA;NA;NA;NA;NA;"µg/dl";40;0,02;0,8276;NA;NA;NA;NA;NA;0;42;35;42;35;"ng/mL";1;NA;NA;NA;NA;NA;NA;NA;NA;NA;NA;NA;0;0;0;NA;NA;NA;NA;NA
"48";-0,1;0,03;"Stephens, 2016";"50";"5";2016;"Stephens, MAC Mahon, PB McCaul, ME Wand, GS";"Hypothalamic-pituitary-adrenal axis response to acute psychosocial stress: Effects of biological sex and circulating sex hormones";"10.1016/j.psyneuen.2015.12.021 https://www.sciencedirect.com/science/article/pii/S0306453015300470";"47-55";NA;"66";"PSYCHONEUROENDOCRINOLOGY";"2";1;1;142;142;23,6;3,2;0;1;"2";"1";"1";"1";8;"-40 (mean of first three samples used)";"0";"40";"85";3;"1";0;NA;"0";NA;NA;NA;NA;NA;NA;NA;NA;NA;NA;NA;NA;NA;"µg/dl";80;-0,05;0,5417;1;0,3;1;0,3;"ng/mL";1;NA;NA;NA;NA;NA;0;NA;NA;NA;NA;NA;NA;NA;NA;NA;NA;NA;0;0;0;NA;NA;NA;NA;NA
"49";-0,28;0,04;"Stephens, 2016";"50";"6";2016;"Stephens, MAC Mahon, PB McCaul, ME Wand, GS";"Hypothalamic-pituitary-adrenal axis response to acute psychosocial stress: Effects of biological sex and circulating sex hormones";"10.1016/j.psyneuen.2015.12.021 https://www.sciencedirect.com/science/article/pii/S0306453015300470";"47-55";NA;"66";"PSYCHONEUROENDOCRINOLOGY";"2";1;1;99;99;23,6;3,2;0;1;"2";"1";"1";"2";8;"-40 (mean of first three samples used)";"0";"40";"85";3;"1";0;NA;"0";NA;NA;NA;NA;NA;NA;NA;NA;NA;NA;NA;NA;NA;"µg/dl";80;-0,14;0,1602;1;0,3;1;0,3;"ng/mL";1;NA;NA;NA;NA;NA;0;NA;NA;NA;NA;NA;NA;NA;NA;NA;NA;NA;0;0;0;NA;NA;NA;NA;NA
"50";0,46992229464419;0,0822082696300366;"von Dawans, 2021";"52";"1";2021;"von Dawans, B Zimmer, P Domes, G";"Effects of glucose intake on stress reactivity in young, healthy men";"10.1016/j.psyneuen.2020.105062 https://www.sciencedirect.com/science/article/pii/S0306453020304856";"105062";"126";NA;"PSYCHONEUROENDOCRINOLOGY";"1";1;1;25;23;25,3;5,1;0;7;"2";"1";"1";"2";8;"-35";"-10";"20";"60";0;NA;2;"4";"0";NA;NA;NA;NA;NA;NA;NA;NA;572,52;308,97;719,98;318,55;"AUCg TSST + Glucose (23)";"nmol/L";30;NA;NA;NA;NA;NA;NA;NA;0;NA;NA;NA;NA;NA;0;NA;NA;NA;NA;NA;NA;82,8;33,17;140,87;30,89;"mg/dl";0;1;0;NA;572,52;719,98;308,97;318,55
"51";0,478227197480405;0,0822870125240996;"von Dawans, 2021";"52";"2";2021;"von Dawans, B Zimmer, P Domes, G";"Effects of glucose intake on stress reactivity in young, healthy men";"10.1016/j.psyneuen.2020.105062 https://www.sciencedirect.com/science/article/pii/S0306453020304856";"105062";"126";NA;"PSYCHONEUROENDOCRINOLOGY";"1";1;1;25;23;25,3;5,1;0;7;"2";"1";"1";"2";8;"-35";"-10";"20";"60";0;NA;2;"4";"0";NA;NA;NA;NA;NA;NA;NA;NA;206,32;193,41;324,51;291,12;"AUCi TSST + Glucose (23)";"nmol/L";30;NA;NA;NA;NA;NA;NA;NA;0;NA;NA;NA;NA;NA;0;NA;NA;NA;NA;NA;NA;82,8;33,17;140,87;30,89;"mg/dl";0;1;0;NA;206,32;324,51;193,41;291,12
"52";0,46992229464419;0,0822082696300366;"von Dawans, 2021";"52";"3";2021;"von Dawans, B Zimmer, P Domes, G";"Effects of glucose intake on stress reactivity in young, healthy men";"10.1016/j.psyneuen.2020.105062 https://www.sciencedirect.com/science/article/pii/S0306453020304856";"105062";"126";NA;"PSYCHONEUROENDOCRINOLOGY";"1";1;1;25;23;25,3;5,1;0;7;"2";"1";"1";"2";8;"-35";"-10";"20";"60";0;NA;2;"4";"0";4,95;2,89;9,17;5,28;5,87;2,85;4,83;11,3;572,52;308,97;719,98;318,55;"AUCg TSST + Glucose (23)";"nmol/L";30;NA;NA;NA;NA;NA;NA;NA;0;NA;NA;NA;NA;NA;0;NA;NA;NA;NA;NA;NA;82,8;33,17;140,87;30,89;"mg/dl";0;1;0;NA;572,52;719,98;308,97;318,55
"53";0,644199107884582;0,0779165971351786;"von Dawans, 2021";"52";"4";2021;"von Dawans, B Zimmer, P Domes, G";"Effects of glucose intake on stress reactivity in young, healthy men";"10.1016/j.psyneuen.2015.12.021 https://www.sciencedirect.com/science/article/pii/S0306453015300470";"105062";"126";NA;"PSYCHONEUROENDOCRINOLOGY";"1";1;1;27;23;22,2;3,2;0;7;"2";"1";"1";"2";8;"-35";"-10";"20";"60";0;NA;2;"4";"0";4,33;2,54;8,26;4,86;5,87;2,85;4,83;11,3;529,18;271,98;719,98;318,55;"AUCg TSST + Water (27)";"nmol/L";30;NA;NA;NA;NA;NA;NA;NA;0;NA;NA;NA;NA;NA;0;NA;NA;NA;NA;NA;NA;85,85;33,27;140,87;30,89;"mg/dl";0;1;0;NA;529,18;719,98;271,98;318,55
"54";0,644199107884582;0,0779165971351786;"von Dawans, 2021";"52";"5";2021;"von Dawans, B Zimmer, P Domes, G";"Effects of glucose intake on stress reactivity in young, healthy men";"10.1016/j.psyneuen.2015.12.021 https://www.sciencedirect.com/science/article/pii/S0306453015300470";"105062";"126";NA;"PSYCHONEUROENDOCRINOLOGY";"1";1;1;27;23;22,2;3,2;0;7;"2";"1";"1";"2";8;"-35";"-10";"20";"60";0;NA;2;"4";"0";NA;NA;NA;NA;NA;NA;NA;NA;529,18;271,98;719,98;318,55;"AUCg TSST + Water (27)";"nmol/L";30;NA;NA;NA;NA;NA;NA;NA;0;NA;NA;NA;NA;NA;0;NA;NA;NA;NA;NA;NA;85,85;33,27;140,87;30,89;"mg/dl";0;1;0;NA;529,18;719,98;271,98;318,55
"55";0,515627664085356;0,0765358508145381;"von Dawans, 2021";"52";"6";2021;"von Dawans, B Zimmer, P Domes, G";"Effects of glucose intake on stress reactivity in young, healthy men";"10.1016/j.psyneuen.2015.12.021 https://www.sciencedirect.com/science/article/pii/S0306453015300470";"105062";"126";NA;"PSYCHONEUROENDOCRINOLOGY";"1";1;1;27;23;22,2;3,2;0;7;"2";"1";"1";"2";8;"-35";"-10";"20";"60";0;NA;2;"4";"0";NA;NA;NA;NA;NA;NA;NA;NA;167;319,18;324,51;291,12;"AUCi TSST + Water (27)";"nmol/L";30;NA;NA;NA;NA;NA;NA;NA;0;NA;NA;NA;NA;NA;0;NA;NA;NA;NA;NA;NA;85,85;33,27;140,87;30,89;"mg/dl";0;1;0;NA;167;324,51;319,18;291,12
"56";-0,0880625842403314;0,0769976444109912;"von Dawans, 2021";"52";"7";2021;"von Dawans, B Zimmer, P Domes, G";"Effects of glucose intake on stress reactivity in young, healthy men";"10.1016/j.psyneuen.2020.105062 https://www.sciencedirect.com/science/article/pii/S0306453020304856";"105062";"126";NA;"PSYCHONEUROENDOCRINOLOGY";"1";1;1;26;25;23,6;4;0;7;"2";"2";"3";"2";8;"-35";"-10";"20";"60";0;NA;2;"4";"0";4,4;2,6;7,47;4,52;4,4;2,35;4,1;7,09;NA;NA;NA;NA;"AUCg CPT + Glucose (25)";"nmol/L";30;NA;NA;NA;NA;NA;NA;NA;0;NA;NA;NA;NA;NA;0;NA;NA;NA;NA;NA;NA;90,69;11,53;153,32;20,96;"mg/dl";0;1;0;NA;3,07;2,69;4,52;4,1
"57";0,0567646193985111;0,0769540598270717;"von Dawans, 2021";"52";"8";2021;"von Dawans, B Zimmer, P Domes, G";"Effects of glucose intake on stress reactivity in young, healthy men";"10.1016/j.psyneuen.2020.105062 https://www.sciencedirect.com/science/article/pii/S0306453020304856";"105062";"126";NA;"PSYCHONEUROENDOCRINOLOGY";"1";1;1;26;25;23,6;4;0;7;"2";"2";"3";"2";8;"-35";"-10";"20";"60";0;NA;2;"4";"0";NA;NA;NA;NA;NA;NA;NA;NA;120,69;284,74;134,89;209,95;"AUCi CPT + Glucose (25)";"nmol/L";30;NA;NA;NA;NA;NA;NA;NA;0;NA;NA;NA;NA;NA;0;NA;NA;NA;NA;NA;NA;90,69;11,53;153,32;20,96;"mg/dl";0;1;0;NA;120,69;134,89;284,74;209,95
"58";-0,163608690433734;0,07718045964986;"von Dawans, 2021";"52";"9";2021;"von Dawans, B Zimmer, P Domes, G";"Effects of glucose intake on stress reactivity in young, healthy men";"10.1016/j.psyneuen.2020.105062 https://www.sciencedirect.com/science/article/pii/S0306453020304856";"105062";"126";NA;"PSYCHONEUROENDOCRINOLOGY";"1";1;1;26;25;23,6;4;0;7;"2";"2";"3";"2";8;"-35";"-10";"20";"60";0;NA;2;"4";"0";NA;NA;NA;NA;NA;NA;NA;NA;490,55;228,53;457,09;177,27;"AUCg CPT + Glucose (25)";"nmol/L";30;NA;NA;NA;NA;NA;NA;NA;0;NA;NA;NA;NA;NA;0;NA;NA;NA;NA;NA;NA;90,69;11,53;153,32;20,96;"mg/dl";0;1;0;NA;490,55;457,09;228,53;177,27
"59";0,0795756460470999;0,0800633228344381;"von Dawans, 2021";"52";"10";2021;"von Dawans, B Zimmer, P Domes, G";"Effects of glucose intake on stress reactivity in young, healthy men";"10.1016/j.psyneuen.2020.105062 https://www.sciencedirect.com/science/article/pii/S0306453020304856";"105062";"126";NA;"PSYCHONEUROENDOCRINOLOGY";"1";1;1;25;25;24,9;4,7;0;7;"2";"2";"3";"2";8;"-35";"-10";"20";"60";0;NA;2;"4";"0";3,45;1,84;5,83;3,68;4,4;2,35;4,1;7,09;NA;NA;NA;NA;"AUCg CPT + Water (25)";"nmol/L";30;NA;NA;NA;NA;NA;NA;NA;0;NA;NA;NA;NA;NA;0;NA;NA;NA;NA;NA;NA;81,48;10,91;153,32;20,96;"mg/dl";0;1;0;NA;2,38;2,69;3,68;4,1
"60";0,340917596012524;0,0811622480727096;"von Dawans, 2021";"52";"11";2021;"von Dawans, B Zimmer, P Domes, G";"Effects of glucose intake on stress reactivity in young, healthy men";"10.1016/j.psyneuen.2020.105062 https://www.sciencedirect.com/science/article/pii/S0306453020304856";"105062";"126";NA;"PSYCHONEUROENDOCRINOLOGY";"1";1;1;25;25;24,9;4,7;0;7;"2";"2";"3";"2";8;"-35";"-10";"20";"60";0;NA;2;"4";"0";NA;NA;NA;NA;NA;NA;NA;NA;392,85;198,97;457,09;177,27;"AUCg CPT + Water (25)";"nmol/L";30;NA;NA;NA;NA;NA;NA;NA;0;NA;NA;NA;NA;NA;0;NA;NA;NA;NA;NA;NA;81,48;10,91;153,32;20,96;"mg/dl";0;1;0;NA;392,85;457,09;198,97;177,27
"61";0,289818515396252;0,0808399477186649;"von Dawans, 2021";"52";"12";2021;"von Dawans, B Zimmer, P Domes, G";"Effects of glucose intake on stress reactivity in young, healthy men";"10.1016/j.psyneuen.2020.105062 https://www.sciencedirect.com/science/article/pii/S0306453020304856";"105062";"126";NA;"PSYCHONEUROENDOCRINOLOGY";"1";1;1;25;25;24,9;4,7;0;7;"2";"2";"3";"2";8;"-35";"-10";"20";"60";0;NA;2;"4";"0";NA;NA;NA;NA;NA;NA;NA;NA;76,4;193,34;134,89;209,95;"AUCi CPT + Water (25)";"nmol/L";30;NA;NA;NA;NA;NA;NA;NA;0;NA;NA;NA;NA;NA;0;NA;NA;NA;NA;NA;NA;81,48;10,91;153,32;20,96;"mg/dl";0;1;0;NA;76,4;134,89;193,34;209,95
"62";0,209372274983485;0,0648696512059013;"Zänkert, 2020";"54";"1";2020;"Zänkert, S., Kudielka, B. M., & Wüst, S.";"Effect of sugar administration on cortisol responses to acute psychosocial stress";"https://doi.org/10.1016/j.psyneuen.2020.104607";NA;"115";NA;"Psychoneuroendocrinology";"1";2;1;31;22;23,9;3,8;52,43;7;"2";"1";"1";"2";6;"-50";"-1";"20";"30";0;NA;0;NA;"4; 0";3,48;1,5;7,34;5,51;5,36;3,38;6,75;10,51;NA;NA;NA;NA;NA;NA;NA;NA;NA;NA;NA;NA;NA;NA;0;NA;NA;NA;NA;NA;0;NA;NA;NA;NA;NA;0;NA;NA;NA;NA;NA;0;1;0;NA;3,86;5,15;5,51;6,75
"63";0,298062282848947;0,0652325897133639;"Zänkert, 2020";"54";"2";2020;"Zänkert, S., Kudielka, B. M., & Wüst, S.";"Effect of sugar administration on cortisol responses to acute psychosocial stress";"https://doi.org/10.1016/j.psyneuen.2020.104607";NA;"115";NA;"Psychoneuroendocrinology";"1";2;1;31;26;23,9;3,8;52,43;7;"2";"1";"1";"2";6;"-50";"-1";"20";"30";0;NA;0;NA;"4; 0";3,48;1,5;7,34;5,51;4,81;2,14;7,9;10,7;NA;NA;NA;NA;NA;NA;NA;NA;NA;NA;NA;NA;NA;NA;0;NA;NA;NA;NA;NA;0;NA;NA;NA;NA;NA;0;NA;NA;NA;NA;NA;0;1;0;NA;3,86;5,89;5,51;7,9
"64";0,26540521251267;0,0650841929582975;"Zänkert, 2020";"54";"3";2020;"Zänkert, S., Kudielka, B. M., & Wüst, S.";"Effect of sugar administration on cortisol responses to acute psychosocial stress";"https://doi.org/10.1016/j.psyneuen.2020.104607";NA;"115";NA;"Psychoneuroendocrinology";"1";2;1;31;26;23,9;3,8;52,43;7;"2";"1";"1";"2";6;"-50";"-1";"20";"30";0;NA;0;NA;"4; 0";3,48;1,5;7,34;5,51;3,83;2,25;5,34;9,13;NA;NA;NA;NA;NA;NA;NA;NA;NA;NA;NA;NA;NA;NA;0;NA;NA;NA;NA;NA;0;NA;NA;NA;NA;NA;0;NA;NA;NA;NA;NA;0;1;0;NA;3,86;5,3;5,51;5,34
"65";0,213627669773249;0,111744955295733;"Rüttgens, 2022";"55";"1";2022;"Rüttgens, T., & Wolf, O. T.";"The influence of a glucose administration on stress responsivity and memory after a socially evaluated cold pressor test.";"https://doi.org/10.1016/j.psyneuen.2022.105803";NA;"142";NA;"Psychoneuroendocrinology";"1";2;1;18;18;24,5;4,33;50;7;"2";"3";"9";"2";5;"-40";"-1";"20";"100";0;NA;2;NA;"2; 4; 0";2,71;4,24;8,05;4,24;3,6;1,19;5,34;9,97;NA;NA;NA;NA;NA;NA;NA;NA;NA;NA;NA;NA;NA;NA;0;NA;NA;NA;NA;NA;0;NA;NA;NA;NA;NA;0;93,65;6,58;148,62;54,65;"mg/dl";0;1;0;NA;5,34;6,37;4,24;5,34
"66";1,5388297434423;0,287999916091741;"Gonzalez-Bono, 2002";"56";"1";2002;"Gonzalez-Bono, E., Rohleder, N., Hellhammer, D. H., Salvador, A., & Kirschbaum, C.";"Glucose but not protein or fat load amplifies the cortisol response to psychosocial stress.";"https://doi.org/10.1006/hbeh.2002.1766";"328–333.";"41";"3";"Hormones and Behavior,";"1";2;1;9;8;23,22;2,62;0;7;"2";"1";"1";"2";10;"-45";"0";"40";"80";0;NA;2;NA;"0";6,85;2,61;13,76;3,96;7,17;4,67;7,75;23,55;NA;NA;NA;NA;NA;NA;NA;NA;NA;NA;NA;NA;NA;NA;0;NA;NA;NA;NA;NA;0;NA;NA;NA;NA;NA;0;61,19;5,79;157,16;27,27;"mg/dl";0;1;0;NA;6,91;16,38;3,96;7,75
"67";1,12;0,88;"Gonzalez-Bono, 2002";"56";"2";2002;"Gonzalez-Bono, E., Rohleder, N., Hellhammer, D. H., Salvador, A., & Kirschbaum, C.";"Glucose but not protein or fat load amplifies the cortisol response to psychosocial stress.";"https://doi.org/10.1006/hbeh.2002.1766";"328–333.";"41";"3";"Hormones and Behavior,";"1";2;1;9;8;23,22;2,62;0;7;"2";"1";"1";"2";10;"-45";"0";"40";"80";0;NA;2;NA;"0";NA;NA;NA;NA;NA;NA;NA;NA;NA;NA;NA;NA;NA;NA;NA;0,49;0,002;NA;NA;NA;NA;NA;0;NA;NA;NA;NA;NA;0;NA;NA;NA;NA;NA;0;61,19;5,79;157,16;27,27;"mg/dl";0;1;0;NA;NA;NA;NA;NA
"68";0,308645319544439;0,112434193517732;"Meier, 2025";"57";"1";2025;"Meier, M Merz, C Rüttgens T, Wolf, O T Pruessner, J P";"The influence of glucose administration on stress reactivity and long-term memory in adult men and women";"https://doi.org/10.31234/osf.io/vjmk2_v1";NA;NA;NA;"PsyArxiv";"1";1;1;18;14;23,1;3,18;55;7;"2";"1";"1";"2";8;"-15";"0";"30";"50";0;NA;2;"4";"0.1.4";3,3;5,1;5,1;6,02;3,72;1,63;7,27;7,58;NA;NA;NA;NA;NA;NA;NA;NA;NA;NA;NA;NA;NA;NA;0;NA;NA;NA;NA;NA;0;NA;NA;NA;NA;NA;0;101,28;9,75;175,29;33,58;"mg/dl";0;1;0;NA;1,8;3,86;6,02;7,27
"69";0,467662371932987;0,114148723529472;"Meier, 2025";"57";"2";2025;"Meier, M Merz, C Rüttgens T, Wolf, O T Pruessner, J P";"The influence of glucose administration on stress reactivity and long-term memory in adult men and women";"https://doi.org/10.31234/osf.io/vjmk2_v1";NA;NA;NA;"PsyArxiv";"1";1;1;18;14;23,1;3,18;55;7;"2";"1";"1";"2";8;"-15";"0";"30";"50";0;NA;2;"4";"0.1.4";NA;NA;NA;NA;NA;NA;NA;NA;20,38;76,83;58,74;86,91;NA;NA;NA;NA;NA;NA;NA;NA;NA;NA;0;NA;NA;NA;NA;NA;0;NA;NA;NA;NA;NA;0;101,28;9,75;175,29;33,58;"mg/dl";0;1;0;NA;20,38;58,74;76,83;86,91
"70";-0,436222080672695;0,255946553239575;"Galliven, 1997";"58";"1";1997;"Galliven, E. A., Singh, A., Michelson, D., Bina, S., Gold, P. W., & Deuster, P. A.";"Hormonal and metabolic responses to exercise across time of day and menstrual cycle phase";"https://doi.org/10.1152/jappl.1997.83.6.1822";"1822–1831";"83";"6";"Journal of Applied Physiology";"3";1;1;8;8;31;3;100;1;"1+2";"2";"14";"1";8;"-20";"-10";"30";"80";3;"1";2;"1";"1.3";261,1;94,5;384,73;141,73;246,06;48,42;129,94;310,38;NA;NA;NA;NA;NA;"nM";NA;NA;NA;1,1;0,28;6,8;5,66;"nM";0;200;82,02;489;206,48;NA;1;NA;NA;NA;NA;NA;0;NA;NA;NA;NA;NA;0;0;0;NA;123,63;64,32;141,73;129,94
"71";-0,505713559727912;0,257992068890396;"Galliven, 1997";"58";"2";1997;"Galliven, E. A., Singh, A., Michelson, D., Bina, S., Gold, P. W., & Deuster, P. A.";"Hormonal and metabolic responses to exercise across time of day and menstrual cycle phase";"https://doi.org/10.1152/jappl.1997.83.6.1822";"1822–1831";"83";"6";"Journal of Applied Physiology";"3";1;1;8;8;31;3;100;1;"1+2";"2";"14";"1";8;"-20";"-10";"30";"80";3;"1";2;"1";"1.3";NA;NA;NA;NA;NA;NA;NA;NA;92,65;158,05;25;103,97;NA;"nM";NA;NA;NA;1,1;0,28;6,8;5,66;"nM";0;200;82,02;489;206,48;NA;1;NA;NA;NA;NA;NA;0;NA;NA;NA;NA;NA;0;0;0;NA;92,65;25;158,05;103,97
"72";0,212912348848484;0,251416614634131;"Galliven, 1997";"58";"3";1997;"Galliven, E. A., Singh, A., Michelson, D., Bina, S., Gold, P. W., & Deuster, P. A.";"Hormonal and metabolic responses to exercise across time of day and menstrual cycle phase";"https://doi.org/10.1152/jappl.1997.83.6.1822";"1822–1831";"83";"6";"Journal of Applied Physiology";"3";1;1;8;8;31;3;100;1;"1+2";"2";"14";"1";8;"-20";"-10";"30";"80";3;"1";2;"1";"1.3";261,1;94,5;384,73;141,73;198,87;75,6;38,98;344,63;NA;NA;NA;NA;NA;"nM";NA;NA;NA;1,1;0,28;30,2;8,2;"nM";1;200;82,02;398;155,56;NA;1;NA;NA;NA;NA;NA;0;NA;NA;NA;NA;NA;0;0;0;NA;123,63;145,76;141,73;38,98
"73";0,288654284646119;0,252603790501393;"Galliven, 1997";"58";"4";1997;"Galliven, E. A., Singh, A., Michelson, D., Bina, S., Gold, P. W., & Deuster, P. A.";"Hormonal and metabolic responses to exercise across time of day and menstrual cycle phase";"https://doi.org/10.1152/jappl.1997.83.6.1822";"1822–1831";"83";"6";"Journal of Applied Physiology";"3";1;1;8;8;31;3;100;1;"1+2";"2";"14";"1";8;"-20";"-10";"30";"80";3;"1";2;"1";"1.3";NA;NA;NA;NA;NA;NA;NA;NA;92,65;158,05;142,65;187,16;NA;"nM";NA;NA;NA;1,1;0,28;30,2;8,2;"nM";1;200;82,02;398;155,56;NA;1;NA;NA;NA;NA;NA;0;NA;NA;NA;NA;NA;0;0;0;NA;92,65;142,65;158,05;187,16
"74";-0,325311878723918;0,253307119326215;"De Souza, 1991";"59";"1";1991;"De Souza, M. J., Maguire, M. S., Maresh, C. M., Kraemer, W. J., Rubin, K. R., & Loucks, A. B.";"Adrenal activation and the prolactin response to exercise in eumenorrheic and amenorrheic runners";"https://doi.org/10.1152/jappl.1991.70.6.2378";"2378–2387";"70";"6";"Journal of Applied Physiology";"2";1;1;8;8;29;4,24;100;1;"2";"2";"14";"1";4;"-1";"-1";"20";"40";3;"1";NA;NA;"1.7";293,1;203,51;243,33;157,94;293,1;250,17;127,28;196,67;NA;NA;NA;NA;NA;"nmol/L";NA;NA;NA;1,5;0,85;40,7;13,86;"nmol/L";1;153,4;212,7;549,2;257,95;"pmol/L";1;NA;NA;NA;NA;NA;0;NA;NA;NA;NA;NA;0;0;0;NA;-49,77;-96,43;157,94;127,28
"75";0,389820913972513;0,254748760780324;"De Souza, 1991";"59";"2";1991;"De Souza, M. J., Maguire, M. S., Maresh, C. M., Kraemer, W. J., Rubin, K. R., & Loucks, A. B.";"Adrenal activation and the prolactin response to exercise in eumenorrheic and amenorrheic runners";"https://doi.org/10.1152/jappl.1991.70.6.2378";"2378–2387";"70";"6";"Journal of Applied Physiology";"2";1;1;8;8;29;4,24;100;1;"2";"2";"14";"1";4;"-1";"-1";"20";"40";3;"1";NA;NA;"1.7";NA;NA;NA;NA;NA;NA;NA;NA;72,64;16,46;81,6;28,03;NA;"nmol/L";NA;NA;NA;1,5;0,85;40,7;13,86;"nmol/L";1;153,4;212,7;549,2;257,95;"pmol/L";1;NA;NA;NA;NA;NA;0;NA;NA;NA;NA;NA;0;0;0;NA;72,64;81,6;16,46;28,03
"76";0,75461440075449;0,0714120241152171;"Bürger, 2025";"60";"1";2025;"Bürger, Z., Kordowich, C., Kübbeler, J., Müllerschön, C., Kimmig, A. S., Su, M., Lämmerhofer, M., Sacher, J., Henes, M., Comasco, E., Derntl, B., & Kogler, L.";"Subjective, behavioural and physiological correlates of stress in women using hormonal contraceptives";"https://doi.org/10.1192/bjp.2025.7 

";NA;NA;NA;"The British Journal of Psychiatry";"2";1;1;30;27;24,15;3,27;100;7;"2";"3";"21";"3";NA;"-40 or -95";"0";"30";"55";3;"1";NA;NA;NA;2,13;0,88;3,25;2,36;1,45;0,78;2,96;4,59;NA;NA;NA;NA;NA;"nmol/L";NA;NA;NA;2,05;4,26;9,63;13,24;"nmol/L";0;0,04;0,11;0,33;0,25;"nmol/L";1;NA;NA;NA;NA;NA;0;NA;NA;NA;NA;NA;0;0;0;NA;1,12;3,14;2,36;2,96
"77";0,657234437711352;0,0702663092176146;"Bürger, 2025";"60";"2";2025;"Bürger, Z., Kordowich, C., Kübbeler, J., Müllerschön, C., Kimmig, A. S., Su, M., Lämmerhofer, M., Sacher, J., Henes, M., Comasco, E., Derntl, B., & Kogler, L.";"Subjective, behavioural and physiological correlates of stress in women using hormonal contraceptives";"https://doi.org/10.1192/bjp.2025.7 

";NA;NA;NA;"The British Journal of Psychiatry";"2";1;1;30;29;24,07;2,25;100;7;"2";"3";"21";"3";NA;"-40 or -95";"0";"30";"55";3;"1";NA;NA;NA;2,13;0,88;3,25;2,36;1,34;0,59;4,69;4,9;NA;NA;NA;NA;NA;"nmol/L";NA;NA;NA;2,05;4,26;111;271;"nmol/L";1;0,04;0,11;0,39;0,23;"nmol/L";1;NA;NA;NA;NA;NA;0;NA;NA;NA;NA;NA;0;0;0;NA;1,12;3,56;2,36;4,69
"78";0,107099479430858;0,0741802805416144;"Bürger, 2025";"60";"3";2025;"Bürger, Z., Kordowich, C., Kübbeler, J., Müllerschön, C., Kimmig, A. S., Su, M., Lämmerhofer, M., Sacher, J., Henes, M., Comasco, E., Derntl, B., & Kogler, L.";"Subjective, behavioural and physiological correlates of stress in women using hormonal contraceptives";"https://doi.org/10.1192/bjp.2025.7 

";NA;NA;NA;"The British Journal of Psychiatry";"2";1;1;27;29;24,1;2,7;100;7;"2";"3";"21";"3";NA;"-40 or -95";"0";"30";"55";3;"1";NA;NA;NA;1,45;0,78;4,59;2,96;1,34;0,59;4,69;4,9;NA;NA;NA;NA;NA;"nmol/L";NA;NA;NA;9,63;13,24;111;271;"nmol/L";1;0,33;0,25;0,39;0,23;"nmol/L";0;NA;NA;NA;NA;NA;0;NA;NA;NA;NA;NA;0;0;0;NA;3,14;3,56;2,96;4,69
